{"3": {"4": 0.32181816482491765}, "4": {"3": 0.32181816482491765, "6": 0.45511961331341866}, "6": {"4": 0.45511961331341866}}