{"3": {"5": 0.5255268625199613}, "5": {"3": 0.5255268625199613, "4": 0.37160360818355515}, "4": {"5": 0.37160360818355515}}